{
  "project_info": {
    "project_number": "453755657399",
    "firebase_url": "https://iyilikaskisi-f2eb4.firebaseio.com",
    "project_id": "iyilikaskisi-f2eb4",
    "storage_bucket": "iyilikaskisi-f2eb4.appspot.com"
  },
  "client": [
    {
      "client_info": {
        "mobilesdk_app_id": "1:453755657399:android:1bdd06a28052c7e7650132",
        "android_client_info": {
          "package_name": "com.iyilikaskisi"
        }
      },
      "oauth_client": [
        {
          "client_id": "453755657399-6hdskr2ac1rf7ui9vg47gi74n56kcmiv.apps.googleusercontent.com",
          "client_type": 3
        }
      ],
      "api_key": [
        {
          "current_key": "AIzaSyCv7WVj1Pv2HHFaG9s5peUoHZxXaR6LytE"
        }
      ],
      "services": {
        "appinvite_service": {
          "other_platform_oauth_client": [
            {
              "client_id": "453755657399-6hdskr2ac1rf7ui9vg47gi74n56kcmiv.apps.googleusercontent.com",
              "client_type": 3
            }
          ]
        }
      }
    },
    {
      "client_info": {
        "mobilesdk_app_id": "1:453755657399:android:aeb30528b2021524650132",
        "android_client_info": {
          "package_name": "com.iyilikaskisi.iyilikaskisiapp"
        }
      },
      "oauth_client": [
        {
          "client_id": "453755657399-6hdskr2ac1rf7ui9vg47gi74n56kcmiv.apps.googleusercontent.com",
          "client_type": 3
        }
      ],
      "api_key": [
        {
          "current_key": "AIzaSyCv7WVj1Pv2HHFaG9s5peUoHZxXaR6LytE"
        }
      ],
      "services": {
        "appinvite_service": {
          "other_platform_oauth_client": [
            {
              "client_id": "453755657399-6hdskr2ac1rf7ui9vg47gi74n56kcmiv.apps.googleusercontent.com",
              "client_type": 3
            }
          ]
        }
      }
    }
  ],
  "configuration_version": "1"
}